ID,Область,Місто/СМТ,Категорія,Назва,Адреса,Телефон,Ціна,Instagram,Google Maps,Басейн,Будинок,Альтанка,Чан,Сауна/Баня,Рибалка,Для двох,Для компанії,Басейн сезонний,Басейн цілорічний
1,Вінницька,Стрижавка,Готельно-рестораний комплекс,Гостевія,"Урочище таборів відпочинку,1",096-507-10-22   099-507-12-22,"від 1000,00 грн/доба",https://www.instagram.com/gosteviya/,"https://www.google.com.ua/maps/place/%D0%9A%D0%BE%D0%BC%D0%BF%D0%BB%D0%B5%D0%BA%D1%81+%D0%B2%D1%96%D0%B4%D0%BF%D0%BE%D1%87%D0%B8%D0%BD%D0%BA%D1%83+%22%D0%93%D0%BE%D1%81%D1%82%D0%B5%D0%B2%D1%96%D1%8F%22/@49.348382,28.5093036,17z/data=!4m9!1m2!2m1!1z0LPQvtGB0YLQtdCy0ZbRjw!3m5!1s0x472d41925ad30fd1:0x8c2c893e5c2e20c5!8m2!3d49.3482344!4d28.5127643!15sChDQs9C-0YHRgtC10LLRltGPkgEQYW11c2VtZW50X2NlbnRlcuABAA?entry=ttu&g_ep=EgoyMDI2MDYyOS4wIKXMDSoASAFQAw%3D%3D",ні,так,так,так,так,ні,так,так,ні,ні
2,Вінницька,Комарів,База відпочинку,Комарово,"вул. Савчука, 20",097-502-07-07  098-317-72-21 067-293-73-25 098-069-96-99,"від 2000,00 грн/доба",https://www.instagram.com/comarovo_club/,"https://www.google.com.ua/maps/place/%22Komarovo%22+Baza+Vidpochynku+Ta+Rybolovli/@49.140353,28.6784531,17z/data=!4m14!1m7!3m6!1s0x472d53e4359cb46d:0xbe29de32b384a006!2s%22Komarovo%22+Baza+Vidpochynku+Ta+Rybolovli!8m2!3d49.140353!4d28.681028!16s%2Fg%2F11bt_j7p70!3m5!1s0x472d53e4359cb46d:0xbe29de32b384a006!8m2!3d49.140353!4d28.681028!16s%2Fg%2F11bt_j7p70?entry=ttu&g_ep=EgoyMDI2MDYyOS4wIKXMDSoASAFQAw%3D%3D",так,так,так,так,так,так,так,так,так,ні
3,Вінницька,Стрижавка,База відпочинку,Зачароване озеро,"Урочище таборів відпочинку,1",066-000-22-22 067-195-97-04,"від 1500,00 грн/доба",https://www.instagram.com/zacharovane_ozero/,"https://www.google.com/maps/place/%D0%97%D0%B0%D1%87%D0%B0%D1%80%D0%BE%D0%B2%D0%B0%D0%BD%D0%B5+%D0%BE%D0%B7%D0%B5%D1%80%D0%BE/@49.3476223,28.5009243,17z/data=!3m1!4b1!4m6!3m5!1s0x472d4180f19a951b:0xd918aaf2cdbb04ab!8m2!3d49.3476223!4d28.5034992!16s%2Fg%2F11by_x55b_?entry=ttu&g_ep=EgoyMDI2MDYyOS4wIKXMDSoASAFQAw%3D%3D",так,так,так,так,так,ні,так,так,так,ні
4,Вінницька,Стрижавка,Готельно-рестораний комплекс,Дубовий гай Казка,"Урочище таборів відпочинку,1",093-696-04-02 096-696-04-02,"від 2000,00 грн/доба",https://www.instagram.com/kazka_restaurant_and_hotel?igshid=YmMyMTA2M2Y%3D,google.com/maps?vet=10CAAQoqAOahcKEwjogP_cicGVAxUAAAAAHQAAAAAQMg..i&pvq=CgwvZy8xcHAydHpiNDM&fvr=1&cs=1&um=1&ie=UTF-8&fb=1&gl=ua&sa=X&ftid=0x472d422ed8918723:0x1f057e3f48b7b2ab,ні,так,так,ні,так,ні,так,так,ні,ні
5,Вінницька,Сосонка,База відпочинку,RichPark,вул. Миру,096-098-95-95,"від 4500,00 грн/доба",https://www.instagram.com/rich.park.vin/,"google.com/maps?q=вулиця+Миру,+Сосонка,+Вінницька+область,+Україна",так,так,так,так,так,так,так,так,так,ні
6,Вінницька,Стрижавка,Басейн коплекс,Lastivka,"вул. Туристична, 2",068-323-33-53,,https://www.instagram.com/lastivka.residence.vn/,"google.com/maps?q=вулиця+Туристична,+2,+Стрижавка,+Вінницька+область,+Україна",так,ні,так,ні,так,ні,так,так,так,ні
7,Вінницька,Стрижавка,База відпочинку,Верховина,вул. Першотравнева,098-700-31-66,"від 3000,00 грн/доба",https://www.instagram.com/verhovyna_residence/,"https://www.google.com/maps/place/%D0%91%D0%B0%D0%B7%D0%B0+%D0%B2%D1%96%D0%B4%D0%BF%D0%BE%D1%87%D0%B8%D0%BD%D0%BA%D1%83+%C2%AB%D0%92%D0%B5%D1%80%D1%85%D0%BE%D0%B2%D0%B8%D0%BD%D0%B0%C2%BB/@49.3129897,28.4558086,17z/data=!3m1!4b1!4m6!3m5!1s0x472d430003634afb:0xb8224e7dd12c1cfd!8m2!3d49.3129897!4d28.4558086!16s%2Fg%2F11w2_g4wxr?entry=ttu&g_ep=EgoyMDI2MDYyOS4wIKXMDSoASAFQAw%3D%3D",так,так,ні,ні,ні,ні,так,ні,так,ні
8,Вінницька,Стадниця,База відпочинку,На Яру,"вул. Молодіжна, 46",097-967-74-49 063-106-18-55,"від 2000,00 грн/доба",https://www.instagram.com/na.yaru.vn/,"https://www.google.com/maps/place/%D0%B2%D1%83%D0%BB%D0%B8%D1%86%D1%8F+%D0%9C%D0%BE%D0%BB%D0%BE%D0%B4%D1%96%D0%B6%D0%BD%D0%B0,+46,+%D0%A1%D1%82%D0%B0%D0%B4%D0%BD%D0%B8%D1%86%D1%8F,+%D0%92%D1%96%D0%BD%D0%BD%D0%B8%D1%86%D1%8C%D0%BA%D0%B0+%D0%BE%D0%B1%D0%BB%D0%B0%D1%81%D1%82%D1%8C,+23241/@49.2759498,28.6042625,17z/data=!3m1!4b1!4m6!3m5!1s0x472d45a0c32db0af:0x53e1197acb660111!8m2!3d49.2759498!4d28.6068374!16s%2Fg%2F11grv93fdt?entry=ttu&g_ep=EgoyMDI2MDYyOS4wIKXMDSoASAFQAw%3D%3D",так,так,так,так,так,ні,так,так,так,ні
9,Вінницька,Слобода-Дашковецька,Заміський комплекс,Трава,"вул. Гуменюка, 52",063-433-13-88,"від 6000,00 грн/доба",https://www.instagram.com/trava_vinnitsa/,"https://www.google.com/maps/place/%D0%B2%D1%83%D0%BB%D0%B8%D1%86%D1%8F+%D0%93%D1%83%D0%BC%D0%B5%D0%BD%D1%8E%D0%BA%D0%B0,+52,+%D0%A1%D0%BB%D0%BE%D0%B1%D0%BE%D0%B4%D0%B0-%D0%94%D0%B0%D1%88%D0%BA%D0%BE%D0%B2%D0%B5%D1%86%D1%8C%D0%BA%D0%B0,+%D0%92%D1%96%D0%BD%D0%BD%D0%B8%D1%86%D1%8C%D0%BA%D0%B0+%D0%BE%D0%B1%D0%BB%D0%B0%D1%81%D1%82%D1%8C,+23224/@49.2493822,28.278428,17z/data=!3m1!4b1!4m5!3m4!1s0x472d673deb1584c1:0xfa0c7749735579e6!8m2!3d49.2493822!4d28.2810029?entry=ttu&g_ep=EgoyMDI2MDYyOS4wIKXMDSoASAFQAw%3D%3D",так,так,так,ні,так,ні,так,так,так,ні
10,Вінницька,Лука-Мелешківська,База відпочинку,Кльове Місце,Тиврівське шосе,067-911-95-14,"від 1700,00 грн/доба",https://www.instagram.com/klevoemesto.vn.ua/,"https://www.google.com.ua/maps/place/%D0%91%D0%92+%C2%AB%D0%9A%D0%BB%D1%8C%D0%BE%D0%B2%D0%B5+%D0%BC%D1%96%D1%81%D1%86%D0%B5%C2%BB/@49.138035,28.5352699,15z/data=!4m6!3m5!1s0x472d576ab6e4a8c5:0xc341d303bf061438!8m2!3d49.138035!4d28.5352699!16s%2Fg%2F12hm_xl09?entry=ttu&g_ep=EgoyMDI2MDYyOS4wIKXMDSoASAFQAw%3D%3D",так,так,так,так,так,так,ні,так,так,ні
11,Вінницька,Гармаки,Заміський комплекс,Гармаки,"вул. Леніна, 43",098-079-31-99 073-033-82-82,"від 1000,00 грн/доба",https://www.instagram.com/rodinnegnizdo/,"https://www.google.com/maps/dir/49.2306432,28.4000256/%D0%B2%D1%83%D0%BB.+%D0%A1%D0%BE%D0%B1%D0%BE%D1%80%D0%BD%D0%B0,+43,+%D0%93%D0%B0%D1%80%D0%BC%D0%B0%D0%BA%D0%B8,+%D0%92%D1%96%D0%BD%D0%BD%D0%B8%D1%86%D1%8C%D0%BA%D0%B0+%D0%BE%D0%B1%D0%BB%D0%B0%D1%81%D1%82%D1%8C,+23011/@49.1320041,27.3191851,9z/data=!3m1!4b1!4m9!4m8!1m1!4e1!1m5!1m1!1s0x47326267b264a2b5:0xe4c3994d670b87ae!2m2!1d27.5568593!2d49.1032188?entry=ttu&g_ep=EgoyMDI2MDYyOS4wIKXMDSoASAFQAw%3D%3D",так,так,так,ні,ні,ні,так,так,так,ні
12,Вінницька,Губник,Заміський комплекс,Губник,"вул. Набережна, 72",098-079-31-99 073-033-82-83,"від 2000,00 грн/доба",https://www.instagram.com/rodinnegnizdo/,"https://www.google.com/maps/dir/49.2306432,28.4000256/%D0%93%D0%BE%D1%81%D1%82%D0%B8%D0%BD%D0%BD%D0%B0+%D1%81%D0%B0%D0%B4%D0%B8%D0%B1%D0%B0+%22%D0%A0%D0%BE%D0%B4%D0%B8%D0%BD%D0%BD%D0%B5+%D0%B3%D0%BD%D1%96%D0%B7%D0%B4%D0%BE%22,+%D1%81.+%D0%93%D1%83%D0%B1%D0%BD%D0%B8%D0%BA,+%D1%83%D0%BB.%D0%9D%D0%B0%D0%B1%D0%B5%D1%80%D0%B5%D0%B6%D0%BD%D0%B0%D1%8F,+72,+%D0%93%D1%83%D0%B1%D0%BD%D0%B8%D0%BA,+23746/@48.9494658,28.2340063,9z/data=!3m1!4b1!4m9!4m8!1m1!4e1!1m5!1m1!1s0x40cd768aa67fc0a5:0x24092428857b3a63!2m2!1d29.3148637!2d48.6177194?entry=ttu&g_ep=EgoyMDI2MDYyOS4wIKXMDSoASAFQAw%3D%3D",так,так,так,ні,ні,ні,так,так,так,ні
13,Вінницька,Канава,Заміський комплекс,Канава,"вул. Коцюбинського, 10",098-079-31-99 073-033-82-84,"від 1000,00 грн/доба",https://www.instagram.com/rodinnegnizdo/,"https://www.google.com/maps/dir/49.2306432,28.4000256/%D0%9A%D0%B0%D0%BD%D0%B0%D0%B2%D0%B0,+%D0%92%D1%96%D0%BD%D0%BD%D0%B8%D1%86%D1%8C%D0%BA%D0%B0+%D0%BE%D0%B1%D0%BB%D0%B0%D1%81%D1%82%D1%8C,+23306/@49.1307186,28.4247832,11z/data=!3m1!4b1!4m9!4m8!1m1!4e1!1m5!1m1!1s0x40cd54eb514d35f5:0xd16008a26ca08cc8!2m2!1d28.6642057!2d48.9753315?entry=ttu&g_ep=EgoyMDI2MDYyOS4wIKXMDSoASAFQAw%3D%3D",ні,так,так,ні,ні,ні,так,так,ні,ні
14,Вінницька,Вінниця,Басейн коплекс,VodaSkyVin,Тяжилів,096-449-99-96,"від 700,00 грн",https://www.instagram.com/vodaskyvin/,"https://www.google.com/maps/place/%D0%97%D0%BE%D0%BD%D0%B0+%D0%B2%D1%96%D0%B4%D0%BF%D0%BE%D1%87%D0%B8%D0%BD%D0%BA%D1%83+%C2%ABVodaSky%C2%BB/@49.2225393,28.3837602,12z/data=!4m10!1m2!2m1!1z0LLQvtC00LDRgdC60LDQuQ!3m6!1s0x472d5b9a8ae797f1:0xfb14c01c6669ec80!8m2!3d49.2225393!4d28.5361955!15sChDQstC-0LTQsNGB0LrQsNC5kgEFaG90ZWzgAQA!16s%2Fg%2F11zg32sz05?entry=ttu&g_ep=EgoyMDI2MDcwNS4wIKXMDSoASAFQAw%3D%3D",так,ні,ні,ні,ні,ні,так,так,так,ні
15,Вінницька,Лука-Мелешківська,Басейн коплекс,TerraMare,"вул.Центральна, 2б",073-344-00-44,"від 500,00 грн ",https://www.instagram.com/residenzaterramare/,"https://www.google.com/maps/place/%D0%A0%D0%B5%D0%B7%D0%B8%D0%B4%D0%B5%D0%BD%D1%86%D1%96%D1%8F+TerraMare/@49.2224807,28.38376,12z/data=!4m10!1m2!2m1!1z0YLQtdGA0YDQsNC80LDRgNC1!3m6!1s0x472d598fd48082a9:0x49cc422eb1a2ecab!8m2!3d49.1671017!4d28.4931278!15sChLRgtC10YDRgNCw0LzQsNGA0LUiA4gBAZIBBGxpZG_gAQA!16s%2Fg%2F11jk0wj1h5?entry=ttu&g_ep=EgoyMDI2MDcwNS4wIKXMDSoASAFQAw%3D%3D",так,так,так,ні,ні,ні,так,так,так,ні
16,Вінницька,Тютьки,База відпочинку,Берізка,Тютьки,067-430-85-55  068-430-85-55,"від 2000,00 грн/доба",https://www.instagram.com/sadiba.berizka/,"https://www.google.com/maps/place/%D0%91%D0%B5%D1%80%D1%96%D0%B7%D0%BA%D0%B0/@49.1630703,28.4394249,17z/data=!4m21!1m11!3m10!1s0x472d590b57d0e807:0xaa258e60cd9096e5!2z0JHQtdGA0ZbQt9C60LA!5m2!4m1!1i2!8m2!3d49.1630704!4d28.4442958!10e7!16s%2Fg%2F11btvg8wtc!3m8!1s0x472d590b57d0e807:0xaa258e60cd9096e5!5m2!4m1!1i2!8m2!3d49.1630704!4d28.4442958!16s%2Fg%2F11btvg8wtc?entry=ttu&g_ep=EgoyMDI2MDcwNS4wIKXMDSoASAFQAw%3D%3D",так,так,так,ні,так,так,ні,так,так,так
17,Вінницька,Лани,База відпочинку,Лани,"вул. Дружби, 51",067-100-12-14,"від 2000,00 грн/доба",https://www.instagram.com/lanu_vin/,"https://www.google.com/maps/place/%D0%A6%D0%95%D0%9D%D0%A2%D0%A0+%D0%A1%D0%86%D0%9C%D0%95%D0%99%D0%9D%D0%9E%D0%93%D0%9E+%D0%92%D0%86%D0%94%D0%9F%D0%9E%D0%A7%D0%98%D0%9D%D0%9A%D0%A3+%C2%AB%D0%9B%D0%90%D0%9D%D0%98%C2%BB/@49.1570958,28.3935995,17z/data=!3m1!4b1!4m6!3m5!1s0x472d5927b122702f:0x1b319e7b9fba59f8!8m2!3d49.1570958!4d28.3961744!16s%2Fg%2F1q62m77r5?entry=ttu&g_ep=EgoyMDI2MDcwNS4wIKXMDSoASAFQAw%3D%3D",так,так,так,так,так,ні,так,так,так,ні
18,Вінницька,Агрономічне,Басейн коплекс,Teren,Агрономічне,098-483-58-90,"від 5000,00 грн",https://www.instagram.com/teren.vn/,"https://www.google.com/maps?q=49.1895833,28.3806389&entry=gps&lucs=94275306,94224825,94227247,94227248,94231188,47071704,47069508,94218641,94203019,47084304&g_ep=CAISEjI1LjIyLjAuNzYzNTE5NzAyMBgAIIgnKlk5NDI3NTMwNiw5NDIyNDgyNSw5NDIyNzI0Nyw5NDIyNzI0OCw5NDIzMTE4OCw0NzA3MTcwNCw0NzA2OTUwOCw5NDIxODY0MSw5NDIwMzAxOSw0NzA4NDMwNEICVUE%3D&skid=81d0058b-325a-41cb-84c3-3653ca85ed12&g_st=com.google.maps.preview.copy",так,так,так,ні,так,ні,так,ні,так,ні
19,Вінницька,Садове,Готельно-рестораний комплекс,Батерфляй,"Масив Сонячний,1",067-433-45-10 068-691-96-00,"від 3000,00 грн/доба",https://www.instagram.com/butterfly_spahotel/,"https://www.google.com/maps/place/%D0%97%D0%B0%D0%BC%D1%96%D1%81%D1%8C%D0%BA%D0%B8%D0%B9+%D0%BA%D0%BE%D0%BC%D0%BF%D0%BB%D0%B5%D0%BA%D1%81+BUTTERFLY+SPA-HOTEL/@49.3240891,28.1197027,17z/data=!3m1!4b1!4m9!3m8!1s0x472d652c320f0057:0x689995ceead9496b!5m2!4m1!1i2!8m2!3d49.3240892!4d28.1245736!16s%2Fg%2F1ptxd8yhw?entry=ttu&g_ep=EgoyMDI2MDcwNS4wIKXMDSoASAFQAw%3D%3D",так,так,так,ні,так,так,ні,так,так,ні
20,Вінницька,Стрижавка,Риболовля,У Валери,вул. Дачна,067-958-03-51,"від 500,00 грн ",https://goldfishnet.in.ua/places/3470,"https://www.google.com/maps/place/%D0%A3+%D0%92%D0%B0%D0%BB%D0%B5%D1%80%D0%B8/@49.311867,28.439719,17z/data=!3m1!4b1!4m6!3m5!1s0x472d43b0d661b509:0xd15830fc6a186277!8m2!3d49.311867!4d28.4422939!16s%2Fg%2F11xff2pgn7?entry=ttu&g_ep=EgoyMDI2MDcwNS4wIKXMDSoASAFQAw%3D%3D",ні,ні,так,ні,ні,так,ні,ні,ні,ні
21,Вінницька,Вінниця,Оренда подобово,Stefania,Замкова гора,097-11-77-404,"від 5600,00 грн/доба",https://www.instagram.com/stefania_aframe/,,так,так,ні,так,ні,ні,так,ні,так,ні
22,Вінницька,Широка Гребля,База відпочинку,Ранчо Санчо,Широка Гредля,098-551-27-65,"від 3200,00 грн/доба",https://www.instagram.com/rancho__sancho/,,так,так,ні,ні,ні,ні,так,так,так,ні
23,Вінницька,Печера,База відпочинку,Печера,"вул. Чкалова, 11",096-693-59-98,"від 2000,00 грн/доба",https://www.instagram.com/vidpochunok_pejora_vin/,"https://www.google.com/maps/dir//%D0%9F%D0%B5%D1%87%D0%B5%D1%80%D0%B0,+P36,+%D0%9F%D0%B5%D1%87%D0%B5%D1%80%D0%B0,+%D0%92%D1%96%D0%BD%D0%BD%D0%B8%D1%86%D1%8C%D0%BA%D0%B0+%D0%BE%D0%B1%D0%BB%D0%B0%D1%81%D1%82%D1%8C,+23610/@48.853944,28.7167807,16.39z/data=!4m16!1m7!3m6!1s0x40cd50248ae202bd:0xb713efd0d4db6679!2z0J_QtdGH0LXRgNCw!8m2!3d48.8546951!4d28.7256593!16s%2Fg%2F11cnc91ybr!4m7!1m0!1m5!1m1!1s0x40cd50248ae202bd:0xb713efd0d4db6679!2m2!1d28.7256585!2d48.8546742?entry=ttu&g_ep=EgoyMDI2MDcwOC4wIKXMDSoASAFQAw%3D%3D",так,так,так,так,так,ні,так,так,так,ні
24,Вінницька,Вінниця,Відпочинок,Вишня,вул.Джерельна,067-614-11-55,"від 1200,00 грн",https://www.instagram.com/besidka.vn.ua/,"https://www.google.com/maps/place/%C2%AB%D0%92%D0%B8%D1%88%D0%BD%D1%8F%C2%BB+%D0%B1%D0%B5%D1%81%D1%96%D0%B4%D0%BA%D0%B8+%D0%B7+%D0%BC%D0%B0%D0%BD%D0%B3%D0%B0%D0%BB%D0%BE%D0%BC+%D0%B1%D1%96%D0%BB%D1%8F+%D0%BE%D0%B7%D0%B5%D1%80%D0%B0+%D0%B2+%D0%92%D1%96%D0%BD%D0%BD%D0%B8%D1%86%D1%96+(online+%D0%B1%D1%80%D0%BE%D0%BD%D1%8E%D0%B2%D0%B0%D0%BD%D0%BD%D1%8F),+%D0%B2%D1%83%D0%BB%D0%B8%D1%86%D1%8F+%D0%90%D0%BD%D0%B4%D1%80%D1%96%D1%8F+%D0%9F%D0%B5%D1%80%D0%B2%D0%BE%D0%B7%D0%B2%D0%B0%D0%BD%D0%BD%D0%BE%D0%B3%D0%BE,+%D0%92%D1%96%D0%BD%D0%BD%D0%B8%D1%86%D1%8F,+%D0%92%D1%96%D0%BD%D0%BD%D0%B8%D1%86%D1%8C%D0%BA%D0%B0+%D0%BE%D0%B1%D0%BB%D0%B0%D1%81%D1%82%D1%8C,+21029/data=!4m2!3m1!1s0x472d5db035dfafd9:0xe1dbf938e97d55dd?utm_source=mstt_1&entry=gps&lucs=47068615&g_ep=CAESCTExLjk0LjMwMxgAIIgnKgg0NzA2ODYxNUICVUE%3D",ні,ні,так,ні,ні,ні,так,так,ні,ні
25,Вінницька,Вінниця,Басейн коплекс,Вишня,вул.Джерельна,https://basein-vyshnia.event.net.ua/,"від 500,00 грн ",https://www.instagram.com/basein.vn.ua/,"https://www.google.com/maps/place/%D0%9C%D1%96%D1%81%D1%86%D0%B5+%D0%B2%D1%96%D0%B4%D0%BF%D0%BE%D1%87%D0%B8%D0%BD%D0%BA%D1%83+%C2%AB%D0%92%D0%B8%D1%88%D0%BD%D1%8F%C2%BB+%D0%91%D0%90%D0%A1%D0%95%D0%99%D0%9D+%D0%91%D0%95%D0%A1%D0%86%D0%94%D0%9A%D0%98/@49.2239793,28.392038,17z/data=!4m14!1m7!3m6!1s0x472d5db035dfafd9:0xe1dbf938e97d55dd!2z0JzRltGB0YbQtSDQstGW0LTQv9C-0YfQuNC90LrRgyDCq9CS0LjRiNC90Y_CuyDQkdCQ0KHQldCZ0J0g0JHQldCh0IbQlNCa0Jg!8m2!3d49.2239793!4d28.3946129!16s%2Fg%2F11r9l2tz6j!3m5!1s0x472d5db035dfafd9:0xe1dbf938e97d55dd!8m2!3d49.2239793!4d28.3946129!16s%2Fg%2F11r9l2tz6j?entry=ttu&g_ep=EgoyMDI2MDcwOC4wIKXMDSoASAFQAw%3D%3D",так,ні,так,ні,ні,ні,так,ні,так,ні
26,Вінницька,Мітківка,Оренда подобово,Дідова дача,"вул.Набережна,6",098-007-98-91,"від 4500,00 грн /доба",https://www.instagram.com/didova_dacha/,"https://www.google.com/maps/place/%D0%9C%D0%B8%D1%82%D0%BA%D1%96%D0%B2%D0%BA%D0%B0,+%D0%92%D1%96%D0%BD%D0%BD%D0%B8%D1%86%D1%8C%D0%BA%D0%B0+%D0%BE%D0%B1%D0%BB%D0%B0%D1%81%D1%82%D1%8C,+24342/@48.5536159,29.3478514,16.47z/data=!4m6!3m5!1s0x40cd9e3a270693bb:0x2633aeba9542a6f4!8m2!3d48.5567823!4d29.3451858!16s%2Fg%2F1229l2xr?entry=ttu&g_ep=EgoyMDI2MDcwOC4wIKXMDSoASAFQAw%3D%3D",так,так,так,ні,ні,так,ні,так,так,ні
27,Вінницька,Щітки,База відпочинку,у Григорія,"вул.Миру,94",096-262-81-66,"від 2000,00 грн/доба",https://www.instagram.com/ugrygoria/,"https://www.google.com/maps/place/%D1%83+%D0%93%D1%80%D0%B8%D0%B3%D0%BE%D1%80%D1%96%D1%8F/@49.1923711,28.5870761,17z/data=!3m1!4b1!4m6!3m5!1s0x472d51be68861beb:0xaa4cd252ffaa985e!8m2!3d49.1923711!4d28.589651!16s%2Fg%2F11q88txb2s?entry=ttu&g_ep=EgoyMDI2MDcwOC4wIKXMDSoASAFQAw%3D%3D",ні,так,так,так,ні,так,ні,так,ні,ні
28,Вінницька,Писарівка,База відпочинку,Ставок Лісовий,Писарівка,067-286-70-36  067-430-05-85,"від 2000,00 грн/доба",https://www.instagram.com/stavlisovii/,"https://www.google.com/maps/place/%D0%A1%D1%82%D0%B0%D0%B2+%D0%9B%D1%96%D1%81%D0%BE%D0%B2%D0%B8%D0%B9/@49.1861722,28.5878166,17z/data=!3m1!4b1!4m6!3m5!1s0x472d517b5da7b037:0xee861d1b9077c98f!8m2!3d49.1861722!4d28.5903915!16s%2Fg%2F11h4kcyrkq?entry=ttu&g_ep=EgoyMDI2MDcwOC4wIKXMDSoASAFQAw%3D%3D",ні,так,так,ні,ні,так,ні,ні,ні,ні
29,Вінницька,Михайлівка,База відпочинку,Lavanda,Михайлівка,098-689-82-44  067-433-35-17,"від 2000,00 грн/доба",https://www.instagram.com/lavan.da2023/,"https://www.google.com/maps/place/%D0%91%D0%B0%D0%B7%D0%B0+%D0%B2%D1%96%D0%B4%D0%BF%D0%BE%D1%87%D0%B8%D0%BD%D0%BA%D1%83+%22%D0%9B%D0%B0%D0%B2%D0%B0%D0%BD%D0%B4%D0%B0%22/@49.2256217,28.3573879,11z/data=!4m10!1m2!2m1!1z0LvQsNCy0LDQvdC00LAg0LzQuNGF0LDQudC70ZbQstC60LA!3m6!1s0x472d4f00050f221f:0xede76acbf8926c07!8m2!3d49.2086553!4d28.7238853!15sCiPQu9Cw0LLQsNC90LTQsCDQvNC40YXQsNC50LvRltCy0LrQsFolIiPQu9Cw0LLQsNC90LTQsCDQvNC40YXQsNC50LvRltCy0LrQsJIBEXJlY3JlYXRpb25fY2VudGVymgFEQ2k5RFFVbFJRVU52WkVOb2RIbGpSamx2VDI1T01WRnNiRE5sUms1VFZtdDRiMkZJWkZCVmVtTjBZbXRhU1dKclJSQULgAQD6AQUIkAEQMQ!16s%2Fg%2F11ltwvskp4?entry=ttu&g_ep=EgoyMDI2MDcwOC4wIKXMDSoASAFQAw%3D%3D",ні,так,так,так,ні,так,так,так,ні,ні
30,Вінницька,Селище,База відпочинку,Мальви,"Замкова,31",067-443-21-91,"від 3000,00 грн/доба",https://www.instagram.com/malvy.vn/,"https://www.google.com/maps/place/%D0%B2%D1%83%D0%BB%D0%B8%D1%86%D1%8F+%D0%97%D0%B0%D0%BC%D0%BA%D0%BE%D0%B2%D0%B0,+%D0%92%D1%96%D0%BD%D0%BD%D0%B8%D1%86%D1%8C%D0%BA%D0%B0+%D0%BE%D0%B1%D0%BB%D0%B0%D1%81%D1%82%D1%8C/@49.1335346,28.3563695,17.75z/data=!4m10!1m2!2m1!1z0LLRg9C70LjRhtGPINCX0LDQvNC60L7QstCwLCA4MSwg0KHQtdC70LjRidC1LCDQktGW0L3QvdC40YbRjNC60LAg0L7QsdC70LDRgdGC0Yw!3m6!1s0x472d58b226b61811:0x34c28a4af39077ac!8m2!3d49.1334804!4d28.357659!15sClDQstGD0LvQuNGG0Y8g0JfQsNC80LrQvtCy0LAsIDgxLCDQodC10LvQuNGJ0LUsINCS0ZbQvdC90LjRhtGM0LrQsCDQvtCx0LvQsNGB0YLRjJIBBXJvdXRl4AEA!16s%2Fg%2F11c0rgqzd6?entry=ttu&g_ep=EgoyMDI2MDcwOC4wIKXMDSoASAFQAw%3D%3D",так,так,так,ні,так,ні,ні,так,так,ні
31,Вінницька,Нова Прилука,Глемпінг,Verba,вул. Набережна 76,067-367-39-79,"від 3600,00 грн/доба",https://www.instagram.com/verba.vin/,"https://www.google.com/maps/place/%D0%B2%D1%83%D0%BB.+%D0%9D%D0%B0%D0%B1%D0%B5%D1%80%D0%B5%D0%B6%D0%BD%D0%B0,+76,+%D0%9D%D0%BE%D0%B2%D0%B0+%D0%9F%D1%80%D0%B8%D0%BB%D1%83%D0%BA%D0%B0,+%D0%92%D1%96%D0%BD%D0%BD%D0%B8%D1%86%D1%8C%D0%BA%D0%B0+%D0%BE%D0%B1%D0%BB%D0%B0%D1%81%D1%82%D1%8C,+21001/@49.3902395,28.7010445,17z/data=!4m15!1m8!3m7!1s0x472d3887f57014cf:0x7b56bb1011c16778!2z0LLRg9C7LiDQndCw0LHQtdGA0LXQttC90LAsIDc2LCDQndC-0LLQsCDQn9GA0LjQu9GD0LrQsCwg0JLRltC90L3QuNGG0YzQutCwINC-0LHQu9Cw0YHRgtGMLCAyMTAwMQ!3b1!8m2!3d49.3902395!4d28.7036194!16s%2Fg%2F11y3t97wp4!3m5!1s0x472d3887f57014cf:0x7b56bb1011c16778!8m2!3d49.3902395!4d28.7036194!16s%2Fg%2F11y3t97wp4?entry=ttu&g_ep=EgoyMDI2MDcwOC4wIKXMDSoASAFQAw%3D%3D",так,так,так,ні,ні,ні,так,ні,так,ні
32,Вінницька,Лука-Мелешківська,Оренда подобово,CHILL.CHAN,"вул.Центральна, 2б",063-758-01-87,"від 3500,00 грн/доба",https://www.instagram.com/chill.chan.house/,"https://www.google.com/maps?q=49.1674368,28.4918689&entry=gps&lucs=,94242523,94224825,94227247,94227248,47071704,47069508,94218641,94203019,47084304,94208458,94208447&g_ep=CAISDTYuMTM2LjAuODc4MzAYACCIJypjLDk0MjQyNTIzLDk0MjI0ODI1LDk0MjI3MjQ3LDk0MjI3MjQ4LDQ3MDcxNzA0LDQ3MDY5NTA4LDk0MjE4NjQxLDk0MjAzMDE5LDQ3MDg0MzA0LDk0MjA4NDU4LDk0MjA4NDQ3QgJVQQ%3D%3D&g_st=com.google.maps.preview.copy",так,так,так,так,так,ні,так,так,так,ні
33,Вінницька,Вінниця,Басейн коплекс,RelaxSpace,"вул.Соборна,24",067-576-99-99,"від 700,00 грн",https://www.instagram.com/relaxspace.terrace/,"https://www.google.com/maps/place/%D0%93%D0%BE%D1%82%D0%B5%D0%BB%D1%8C+%D0%A4%D1%80%D0%B0%D0%BD%D1%86%D1%96%D1%8F/@49.2327547,28.4682288,17z/data=!3m1!4b1!4m9!3m8!1s0x472d5b7ada01c6bd:0x24e70cf597e02a80!5m2!4m1!1i2!8m2!3d49.2327547!4d28.4708037!16s%2Fg%2F11cjgcr3gp?entry=ttu&g_ep=EgoyMDI2MDcwOC4wIKXMDSoASAFQAw%3D%3D",так,ні,так,ні,ні,ні,так,так,так,ні
34,Вінницька,Широка Гребля,Оренда подобово,VIP ШАЛЕ ТИША,"вул.Порика,7а",096-579-04-02,"від 20000,00 грн/доба",https://www.instagram.com/stillnesschalet/,"https://www.google.com/maps/place/VIP+%D0%A8%D0%90%D0%9B%D0%95+%D0%A2%D0%98%D0%A8%D0%90/@49.5185813,28.0185674,17z/data=!3m1!4b1!4m6!3m5!1s0x472d9f81ac9c4873:0xc463120d04526f5b!8m2!3d49.5185813!4d28.0211423!16s%2Fg%2F11vxjt8nq6?entry=ttu&g_ep=EgoyMDI2MDcwOC4wIKXMDSoASAFQAw%3D%3D",так,так,так,так,так,ні,так,так,так,ні
35,Вінницька,Стрижавка,Оренда подобово,Zrub_Home,"вул.Полини Осипенко,3",096-066-99-96,"від 7000,00 грн/доба",https://www.instagram.com/zrub_home/,"https://www.google.com/maps/place/%D0%B2%D1%83%D0%BB.+%D0%9F%D0%BE%D0%BB%D0%B8%D0%BD%D0%B8+%D0%9E%D1%81%D0%B8%D0%BF%D0%B5%D0%BD%D0%BA%D0%BE,+%D0%A1%D1%82%D1%80%D0%B8%D0%B6%D0%B0%D0%B2%D0%BA%D0%B0,+%D0%92%D1%96%D0%BD%D0%BD%D0%B8%D1%86%D1%8C%D0%BA%D0%B0+%D0%BE%D0%B1%D0%BB%D0%B0%D1%81%D1%82%D1%8C,+23210/@49.3125891,28.4659077,17z/data=!3m1!4b1!4m6!3m5!1s0x472d4255473955e3:0x460a0970ba628fb6!8m2!3d49.3125891!4d28.4684826!16s%2Fg%2F11w9pypyyf?entry=ttu&g_ep=EgoyMDI2MDcwOC4wIKXMDSoASAFQAw%3D%3D",ні,так,так,ні,так,ні,так,так,ні,ні
36,Вінницька,Зарванці,Оренда подобово,Hedonist,"вул.Кармелюка,1б",097-066-77-77,"від 8000,00 грн/доба",https://www.instagram.com/hedonist.aframe/,"https://www.google.com/maps?q=49.2607780,28.3743060&entry=gps&shh=CAE&lucs=,94297699,94284508,94231188,94280568,47071704,94218641,94282134,94286869&g_ep=CAISEjI2LjE4LjAuOTA2NTA0NDMzMBgAIIgnKkgsOTQyOTc2OTksOTQyODQ1MDgsOTQyMzExODgsOTQyODA1NjgsNDcwNzE3MDQsOTQyMTg2NDEsOTQyODIxMzQsOTQyODY4NjlCAlVB&skid=2cc3e120-9abb-448f-b88e-5efd4bb2f9f1&g_st=it",так,так,так,так,так,ні,так,ні,так,ні
37,Вінницька,Вугли,Оренда подобово,Eco-Fishing,Вугли,067-988-48-35  073-207-77-30,директ,https://www.instagram.com/ecofishing_vugly/,"https://www.google.com/maps/place/Eco+Fishing-%D1%80%D0%B8%D0%B1%D0%BE%D0%BB%D0%BE%D0%B2%D0%BB%D1%8F+%D1%82%D0%B0+%D0%B0%D0%BB%D1%8C%D1%82%D0%B0%D0%BD%D0%BA%D0%B8/@49.5151631,27.8697268,16.4z/data=!4m6!3m5!1s0x472d99c0af8bf20b:0x6236a7f29c45c04a!8m2!3d49.5156259!4d27.8705123!16s%2Fg%2F11vzr_c0gr?entry=ttu&g_ep=EgoyMDI2MDcwOC4wIKXMDSoASAFQAw%3D%3D",ні,так,так,так,ні,так,ні,так,ні,ні
38,Вінницька,Зарванці,Басейн коплекс,Tameri,"вул.Мирна,45",098-000-94-94,"від 3500,00 грн/доба",https://www.instagram.com/tameri.zarvantsi/,"https://www.google.com/maps/place/Tameri/@49.2526084,28.3915841,17z/data=!3m1!4b1!4m6!3m5!1s0x472d5d0498283317:0x5939ca278b6be033!8m2!3d49.2526084!4d28.394159!16s%2Fg%2F11bc7sgsxs?entry=ttu&g_ep=EgoyMDI2MDcwOC4wIKXMDSoASAFQAw%3D%3D",так,так,так,так,ні,ні,так,ні,так,ні
39,Вінницька,Межирів,Оренда подобово,Mezhyriv_panoramic,вул.Богдана Хмельницького,066-330-88-72,"від 4900,00 грн/доба",https://www.instagram.com/mezhyriv_panoramic/,"https://www.google.com/maps/place/Mezhyriv+Panoramic,+Vul.+Bohdana+Khmel%CA%B9nyts%CA%B9koho,+Mezhyriv,+Vinnytsia+Oblast,+23134/data=!4m2!3m1!1s0x473299000250f485:0x7d8a969a564e288?utm_source=mstt_1&entry=gps&lucs=,94207365,47075915&g_ep=CAESCjExLjExMy4xMDEYACDXggMqEiw5NDIwNzM2NSw0NzA3NTkxNUICVUE%3D",ні,так,ні,так,ні,ні,так,ні,ні,ні
40,Вінницька,Широка Гребля,Оренда подобово,Pleso,вул.Украінська,,"від 4400,00 грн/доба",https://www.instagram.com/pleso_a_frame/,"https://www.google.com/maps/place/Pleso+A-frame.+%D0%9F%D1%80%D0%BE%D1%81%D1%82%D1%96%D1%80+%D0%B4%D0%BB%D1%8F+%D0%B2%D1%96%D0%B4%D0%BF%D0%BE%D1%87%D0%B8%D0%BD%D0%BA%D1%83./@49.1553657,28.2672306,17z/data=!3m1!4b1!4m6!3m5!1s0x472d5b1ef181f873:0xcafb580d627e678!8m2!3d49.1553657!4d28.2672306!16s%2Fg%2F11l2bvkl6l?entry=ttu&g_ep=EgoyMDI2MDcwOC4wIKXMDSoASAFQAw%3D%3D",ні,так,ні,так,ні,ні,так,ні,ні,ні
41,Вінницька,Зарванці,База відпочинку,Berezino,"вул.Зоряна,1",096-594-76-76,"від 2200,00 грн/доба",https://www.instagram.com/berezino_vn,"https://www.google.com/maps/place/Usadba+Berezino/@49.2692413,28.3718222,17z/data=!3m1!4b1!4m9!3m8!1s0x472d5d68529776f5:0x894e4932c9c62622!5m2!4m1!1i2!8m2!3d49.2692413!4d28.3718222!16s%2Fg%2F11g_3l3bg!18m1!1e1?entry=ttu&g_ep=EgoyMDI2MDcwOC4wIKXMDSoASAFQAw%3D%3D",так,так,так,так,так,так,ні,так,так,ні
42,Вінницька,Браїлів,База відпочинку,Le_Rosa,"вул.Шевченка,15",097-070-03-39,"від 20000,00 грн/доба",https://www.instagram.com/le____rosa/,"https://www.google.com/maps?q=49.1064230,28.1596830&entry=gps&lucs=,94278710,94275300,94224825,94227247,94227248,94231188,47071704,47069508,94218641,94203019,47084304&g_ep=CAISEjI1LjI2LjAuNzc0OTk0MTAzMBgAIIgnKmMsOTQyNzg3MTAsOTQyNzUzMDAsOTQyMjQ4MjUsOTQyMjcyNDcsOTQyMjcyNDgsOTQyMzExODgsNDcwNzE3MDQsNDcwNjk1MDgsOTQyMTg2NDEsOTQyMDMwMTksNDcwODQzMDRCAlVB&skid=a9101f95-4abe-49b9-a14f-f1e9ece6136a&g_st=ipc",так,так,так,так,так,так,ні,так,так,ні
43,Вінницька,Демидівка,Оренда подобово,Яблунева садиба,"вул.Затишна,18",098-150-36-75,"від 4200,00 грн/доба",https://www.instagram.com/yabluneva.sadyba/,"https://www.google.com/maps/place/49%C2%B007'13.0%22N+28%C2%B015'07.2%22E/@49.120276,28.2494301,17z/data=!3m1!4b1!4m4!3m3!8m2!3d49.120276!4d28.252005?entry=ttu&g_ep=EgoyMDI2MDcwOC4wIKXMDSoASAFQAw%3D%3D",так,так,так,так,так,ні,так,так,так,ні
44,Вінницька,Вінниця,Відпочинок,Озеро Затишне,"вул.Будівельників,15",068-282-02-38 073-282-02-38,"від 1200,00 грн/доба",https://www.instagram.com/ozero_zatishne/,"google.com/maps?sca_esv=2ec4f8cad967503a&sxsrf=APpeQnv776g_Pv8gHSZj_v38J1To5nvDYg:1783967199052&biw=1440&bih=778&um=1&ie=UTF-8&fb=1&gl=ua&sa=X&geocode=KUV_03OxWy1HMUH5fjNsZMks&daddr=Вінниця,+Вінницька+область,+21000",ні,ні,так,ні,ні,так,ні,ні,ні,ні
45,Вінницька,Юзвин,Басейн коплекс,Золотий Рай,"вул. Героїв України, 61А",098-877-33-77,"від 4000,00 грн/доба",https://www.instagram.com/zolotyy.ray.vn/,"https://www.google.com/maps?q=6676+MQV+%D0%97%D0%BE%D0%BB%D0%BE%D1%82%D0%B8%D0%B9+%D0%A0%D0%B0%D0%B9,+%D0%AE%D0%B7%D0%B2%D0%B8%D0%BD,+%D0%92%D1%96%D0%BD%D0%BD%D0%B8%D1%86%D1%8C%D0%BA%D0%B0+%D0%BE%D0%B1%D0%BB%D0%B0%D1%81%D1%82%D1%8C,+23225&ftid=0x472d61986244904f:0x667d9c8ee2a3c42f&entry=gps&lucs=,94275315,94224825,94227247,94227248,94231188,47071704,47069508,94218641,94203019,47084304&g_ep=CAISEjI1LjE0LjEuNzQyMzk4MTI0MBgAINeCAypaLDk0Mjc1MzE1LDk0MjI0ODI1LDk0MjI3MjQ3LDk0MjI3MjQ4LDk0MjMxMTg4LDQ3MDcxNzA0LDQ3MDY5NTA4LDk0MjE4NjQxLDk0MjAzMDE5LDQ3MDg0MzA0QgJVQQ%3D%3D&skid=c4ea7df2-c2ce-4f85-beaa-dfa885a1a190&g_st=it",так,так,так,ні,ні,ні,так,так,так,ні
46,Вінницька,Микулинці,База відпочинку,Садиба Фортуна,"вул.Тараса Шевченка,5",096-451-51-01,"від 5000,00 грн/доба",https://www.instagram.com/sadyba_fortuna/,"https://www.google.com/maps/place/%D0%9C%D0%B8%D0%BA%D1%83%D0%BB%D0%B8%D0%BD%D1%86%D1%96,+%D0%92%D1%96%D0%BD%D0%BD%D0%B8%D1%86%D1%8C%D0%BA%D0%B0+%D0%BE%D0%B1%D0%BB%D0%B0%D1%81%D1%82%D1%8C,+22353/@49.2553632,28.1520812,15.87z/data=!4m6!3m5!1s0x472d63f4bdb882a7:0x219a626cbcf3c7f4!8m2!3d49.259141!4d28.152692!16s%2Fg%2F122cc505?entry=ttu&g_ep=EgoyMDI2MDcwOC4wIKXMDSoASAFQAw%3D%3D",так,так,так,так,так,так,ні,так,так,ні
47,Вінницька,Микулинці,Риболовля,Акваріум,Микулинці,097-309-13-47,"від 500,00 грн",,"https://www.google.com/maps/place/%D0%90%D0%BA%D0%B2%D0%B0%D1%80%D1%96%D1%83%D0%BC+%D0%BB%D0%BE%D0%B2%D0%BB%D1%8F+%D1%80%D0%B8%D0%B1%D0%B8/@49.2553632,28.1520812,15.87z/data=!4m15!1m8!3m7!1s0x472d63f4bdb882a7:0x219a626cbcf3c7f4!2z0JzQuNC60YPQu9C40L3RhtGWLCDQktGW0L3QvdC40YbRjNC60LAg0L7QsdC70LDRgdGC0YwsIDIyMzUz!3b1!8m2!3d49.259141!4d28.152692!16s%2Fg%2F122cc505!3m5!1s0x472d630050a3203f:0x25da3c788af6aa0a!8m2!3d49.2533978!4d28.158716!16s%2Fg%2F11md8kcs2g?entry=ttu&g_ep=EgoyMDI2MDcwOC4wIKXMDSoASAFQAw%3D%3D",ні,ні,так,ні,ні,так,ні,ні,ні,ні
48,Вінницька,Юзвин,Риболовля,Аквамарин,Юзвин,097-812-57-03,"від 400,00 грн",http://aquamarinfishing.com.ua/,"https://www.google.com/maps/place/%D0%90%D0%BA%D0%B2%D0%B0%D0%BC%D0%B0%D1%80%D0%B8%D0%BD+-+%D0%BA%D0%BB%D1%83%D0%B1+%D1%81%D0%BF%D0%BE%D1%80%D1%82%D0%B8%D0%B2%D0%BD%D0%BE%D0%B3%D0%BE+%D1%80%D1%8B%D0%B1%D0%BE%D0%BB%D0%BE%D0%B2%D1%81%D1%82%D0%B2%D0%B0+%D0%B2+%D0%92%D0%B8%D0%BD%D0%BD%D0%B8%D1%86%D0%B5,+%D1%80%D1%8B%D0%B1%D0%B0%D0%BB%D0%BA%D0%B0+%D0%B2+%D0%92%D0%B8%D0%BD%D0%BD%D0%B8%D1%86%D0%B5/@49.196433,28.2121661,17z/data=!3m1!4b1!4m6!3m5!1s0x472d61f75ba4973f:0xe702a4af7075b449!8m2!3d49.196433!4d28.214741!16s%2Fg%2F11gm8d0bpq?entry=ttu&g_ep=EgoyMDI2MDcwOC4wIKXMDSoASAFQAw%3D%3D",ні,ні,ні,ні,ні,так,ні,ні,ні,ні
49,Вінницька,Переорки,Оренда подобово,Sino,Переорки,063-525-75-75,"від 4500,00 грн/доба",https://www.instagram.com/sino_glamp/,"https://www.google.com/maps?q=49.3148207,28.4154118&entry=gps&lucs=,94284472,94224825,94227247,94227248,47071704,47069508,94218641,94203019,47084304,94286869&g_ep=CAISDTYuMTI3LjIuNzgxOTAYACCs3wEqWiw5NDI4NDQ3Miw5NDIyNDgyNSw5NDIyNzI0Nyw5NDIyNzI0OCw0NzA3MTcwNCw0NzA2OTUwOCw5NDIxODY0MSw5NDIwMzAxOSw0NzA4NDMwNCw5NDI4Njg2OUICVUE%3D&skid=0099f294-939b-4ea6-a698-c6dea3680dfa&g_st=com.google.maps.preview.copy",так,так,ні,так,ні,так,ні,ні,так,ні
50,Вінницька,Могилівка,Відпочинок,Голубе Озеро,Могилівка,096-112-22-21  098-112-22-21,"від 5200,00 грн/доба",https://www.instagram.com/golube.ozero/,"https://www.google.com/maps?q=%D0%93%D0%BE%D0%BB%D1%83%D0%B1%D0%B5+%D0%9E%D0%B7%D0%B5%D1%80%D0%BE+%D0%9A%D0%BE%D0%BC%D0%BF%D0%BB%D0%B5%D0%BA%D1%81+%D0%B4%D0%BB%D1%8F+%D0%B2%D1%96%D0%B4%D0%BF%D0%BE%D1%87%D0%B8%D0%BD%D0%BA%D1%83,+%D0%92%D1%96%D0%BD%D0%BD%D0%B8%D1%86%D1%8C%D0%BA%D0%B0+%D0%BE%D0%B1%D0%BB%D0%B0%D1%81%D1%82%D1%8C&ftid=0x4732a1dd048bb277:0x2b1927ac6e345ac2&entry=gps&lucs=,94224825,94227247,94227248,94231188,47071704,47069508,94218641,94203019,47084304,94208458,94208447&g_ep=CAISEjI1LjE2LjEuNzQ3NTI2NjMwMBgAIIgnKmMsOTQyMjQ4MjUsOTQyMjcyNDcsOTQyMjcyNDgsOTQyMzExODgsNDcwNzE3MDQsNDcwNjk1MDgsOTQyMTg2NDEsOTQyMDMwMTksNDcwODQzMDQsOTQyMDg0NTgsOTQyMDg0NDdCAlVB&skid=2359fb6e-b37b-4596-aee9-ac9c7a942a63&g_st=com.google.maps.preview.copy",ні,так,так,так,ні,ні,так,ні,ні,ні
51,Вінницька,Могилівка,Глемпінг,Могилівка,Могилівка,075-663-88-81,"від 3000,00 грн/доба",https://www.instagram.com/mogylivka.glamping/,"https://www.google.com/maps?q=49.0831292,28.2810439&hl=uk-UA&gl=ua&entry=gps&g_ep=CAIYAA%3D%3D&shorturl=1",ні,так,ні,ні,ні,ні,так,ні,ні,ні
52,Вінницька,Шкуринці,Басейн коплекс,Laska,"вул.Козацька,1в",067-226-74-79,"від 500,00 грн",https://www.instagram.com/laska_vinnytsia_/?hl=uk,"https://www.google.com/maps/place/%D0%91%D0%B0%D0%B7%D0%B0+%D0%B2%D1%96%D0%B4%D0%BF%D0%BE%D1%87%D0%B8%D0%BD%D0%BA%D1%83+Laska,+%D0%B2%D1%83%D0%BB.+%D0%94%D0%B0%D1%87%D0%BD%D0%B0,+%D0%9F%D1%80%D0%B8%D0%B1%D1%83%D0%B7%D1%8C%D0%BA%D0%B5,+%D0%92%D1%96%D0%BD%D0%BD%D0%B8%D1%86%D1%8C%D0%BA%D0%B0+%D0%BE%D0%B1%D0%BB%D0%B0%D1%81%D1%82%D1%8C,+21012/data=!4m6!3m5!1s0x472d59c4410dd6b5:0xba6eea68b218cf72!7e2!8m2!3d49.1801922!4d28.4147447?utm_source=mstt_1&entry=gps&lucs=47068615,,47075915&g_ep=CAESCTExLjk0LjMwMxgAIIgnKhI0NzA2ODYxNSwsNDcwNzU5MTVCAlVB",так,так,так,ні,ні,так,ні,так,так,ні
53,Вінницька,Степашки,База відпочинку,Sunday,Степашки,066-605-15-55,"від 3200,00 грн/доба",https://www.instagram.com/sunday_village_/,"https://www.google.com/maps/place/48%C2%B045'56.1%22N+29%C2%B005'03.1%22E/@48.7655771,28.9995068,12z/data=!4m4!3m3!8m2!3d48.7655833!4d29.0841944?coh=178572&entry=tt&shorturl=1",так,так,так,ні,ні,так,ні,так,так,ні
54,Вінницька,Юзвин,Оренда подобово,PINE VIEW,"вул.Молодіжна,2а",098-150-40-82,,https://www.instagram.com/pine_view__/,"google.com/maps?q=Pine+view,+вулиця+Молодіжна,+2,+Некрасове,+Вінницька+область,+23225&ftid=0x472d5b29be90c8f5:0x2cf84255146a9619&entry=gps&lucs=,94231208,94224825,94227247,94227248,47071704,47069508,94218641,94203019,47084304,94208458,94208447&g_ep=CAISDTYuMTI3LjIuNzgxOTAYACDXggMqYyw5NDIzMTIwOCw5NDIyNDgyNSw5NDIyNzI0Nyw5NDIyNzI0OCw0NzA3MTcwNCw0NzA2OTUwOCw5NDIxODY0MSw5NDIwMzAxOSw0NzA4NDMwNCw5NDIwODQ1OCw5NDIwODQ0N0ICVUE%3D&g_st=ic",так,так,так,так,так,ні,так,н,так,ні
55,Хмельницька,Головчинці,Оренда подобово,Ferma,"вул.Зарічна,38",096-755-57-57,"від 4300,00 грн/доба",https://www.instagram.com/na_fermi1/,"https://www.google.com/maps/place/%D0%A4%D0%B5%D1%80%D0%BC%D0%B0/@49.428945,27.3742767,12z/data=!4m6!3m5!1s0x472d8b6ebea6fdd7:0xae2b82c69bd408a5!8m2!3d49.4289799!4d27.4663945!16s%2Fg%2F11ll54t84j?hl=ru-UA&entry=ttu&g_ep=EgoyMDI2MDcxMi4wIKXMDSoASAFQAw%3D%3D",так,так,ні,так,так,ні,так,ні,так,ні
56,Вінницька,Бохоники,Оренда подобово,Hide Park,"вул.Квітнева,11",068-710-02-02  096-710-04-04,"від 3700,00 грн/доба",https://www.instagram.com/hide_park.vn/,"https://www.google.com/maps/place/HIDE+PARK+HOTEL/@49.1838777,28.4113131,17z/data=!4m13!1m2!2m1!1shide+park+hotel!3m9!1s0x472d5900411cc775:0x4c0329348cc20a64!5m2!4m1!1i2!8m2!3d49.1839105!4d28.4137685!15sCg9oaWRlIHBhcmsgaG90ZWxaESIPaGlkZSBwYXJrIGhvdGVskgEFaG90ZWyaAURDaTlEUVVsUlFVTnZaRU5vZEhsalJqbHZUMnhWTlZacVFqRldNMDVaVWpBMWJGUlZPSGRoYW1SdVZXdDBSV1J1WXhBQuABAPoBBAgAEDI!16s%2Fg%2F11vy41nmm3?entry=ttu&g_ep=EgoyMDI2MDcxMi4wIKXMDSoASAFQAw%3D%3D",ні,так,ні,ні,ні,ні,так,ні,ні,ні
57,Вінницька,Вінниця,Відпочинок,Mangal Park,вул.Джерельна,063-718-95-68,"від 700,00 грн",https://www.instagram.com/mangal_park_vinnitsa/,"https://www.google.com/maps/place/%D0%9C%D0%B0%D0%BD%D0%B3%D0%B0%D0%BB+%D0%9F%D0%B0%D1%80%D0%BA+(%D1%82%D0%B5%D1%80%D0%B8%D1%82%D0%BE%D1%80%D1%96%D1%8F+%D1%81%D1%96%D0%BC%D0%B5%D0%B9%D0%BD%D0%BE%D0%B3%D0%BE+%D0%B2%D1%96%D0%B4%D0%BF%D0%BE%D1%87%D0%B8%D0%BD%D0%BA%D1%83)/@49.2253349,28.3859674,17z/data=!3m1!4b1!4m6!3m5!1s0x472d5d00504425a5:0x6d1113dfe87fae3b!8m2!3d49.2253349!4d28.3859674!16s%2Fg%2F11y41q41yr?entry=ttu&g_ep=EgoyMDI2MDcxMi4wIKXMDSoASAFQAw%3D%3D",ні,ні,так,ні,ні,ні,так,так,ні,ні
58,Вінницька,Вінниця,Оренда подобово,Хутір Чан,Вінницьки Хутори,066-466-62-29,"від 5000,00 грн/доба",https://www.instagram.com/hutir_chan/,"https://www.google.com/maps/place/%D0%92%D1%96%D0%BD%D0%BD%D0%B8%D1%86%D1%8C%D0%BA%D1%96+%D0%A5%D1%83%D1%82%D0%BE%D1%80%D0%B8,+%D0%92%D1%96%D0%BD%D0%BD%D0%B8%D1%86%D1%8C%D0%BA%D0%B0+%D0%BE%D0%B1%D0%BB%D0%B0%D1%81%D1%82%D1%8C,+23201/@49.195377,28.5665735,17z/data=!3m1!4b1!4m6!3m5!1s0x472d50805e08a3cb:0x30aa0e001a25c885!8m2!3d49.195377!4d28.5665735!16s%2Fg%2F11g62sfqfk?hl=uk-UA&entry=ttu&g_ep=EgoyMDI2MDcxMi4wIKXMDSoASAFQAw%3D%3D",так,так,ні,так,ні,ні,так,так,так,ні
59,Вінницька,Петрик,Оренда подобово,Білий Маяк,"вул.Центральна,61",093-348-77-77,"від 500,00 грн",https://www.instagram.com/_white__lighthouse/,"https://www.google.com/maps/place/%D0%91%D1%96%D0%BB%D0%B8%D0%B9+%D0%9C%D0%B0%D1%8F%D0%BA/@49.2855831,28.1957623,17z/data=!3m1!4b1!4m6!3m5!1s0x472d65f4ec845b53:0x36ce0996c07a5a35!8m2!3d49.2855831!4d28.1957623!16s%2Fg%2F11vt37k1fb!18m1!1e1?entry=ttu&g_ep=EgoyMDI2MDcxMi4wIKXMDSoASAFQAw%3D%3D",так,так,так,так,так,ні,так,так,так,ні
60,Вінницька,Рибаче,Оренда подобово,Drevo,Рибаче,093-437-68-48,"від 5700,00 грн/доба",https://www.instagram.com/drevo.vn/,,так,так,так,так,ні,ні,так,ні,так,ні
61,Вінницька,Никифорівці,База відпочинку,Зелений Хомяк,Никифорівці,096-949-89-89,"від 4000,00 грн/доба",https://www.instagram.com/zelenyi_homyak_vn/,"https://www.google.com/maps?q=49.0348740,28.7199545&entry=gps&lucs=,94224825,94227247,94227248,47071704,47069508,94218641,94203019,47084304,94208458,94208447&g_ep=CAISDTYuMTIzLjAuNzEzODAYACDXggMqWiw5NDIyNDgyNSw5NDIyNzI0Nyw5NDIyNzI0OCw0NzA3MTcwNCw0NzA2OTUwOCw5NDIxODY0MSw5NDIwMzAxOSw0NzA4NDMwNCw5NDIwODQ1OCw5NDIwODQ0N0ICVUE%3D&g_st=com.google.maps.preview.copy",так,так,так,ні,ні,ні,так,так,так,ні
62,Вінницька,Стрижавка,Заміський комплекс,Pamukkale,"вул.Шкільна,44",096-595-28-68,"від 1300,00 грн/доба",https://www.instagram.com/pamukkale_vin/,"https://www.google.com/maps/place/%D0%9F%D0%B0%D0%BC%D1%83%D0%BA%D0%BA%D0%B0%D0%BB%D0%B5+%D0%92%D1%96%D0%BD%D0%BD%D0%B8%D1%86%D1%8F/@49.2762022,28.588477,17z/data=!3m1!4b1!4m6!3m5!1s0x472d451282a83d21:0x308594a573cdf566!8m2!3d49.2762022!4d28.588477!16s%2Fg%2F11jny7yh75?entry=ttu&g_ep=EgoyMDI2MDcxNS4wIKXMDSoASAFQAw%3D%3D",ні,так,так,так,так,так,ні,ні,ні,ні
63,вінницька,Лука-Мелешківська,Заміський комплекс,Luka Park,"вул.Володимирівська,40",096-578-18-87,"від 15000,00 грн/доба",https://www.instagram.com/luka.park.ua/,"https://www.google.com/maps?daddr=49.1794207,28.4766139&saddr=49.2208283,28.4252524&dirflg=d&geocode=FdwM7wIdJLyxAQ%3D%3D;FR1r7gIdxoSyAQ%3D%3D&lucs=,94242562,94224825,94227247,94227248,47071704,47069508,94218641,94203019,47084304,94208458,94208447&g_ep=CAISDTYuMTM3LjEuODkyMDAYACCUnAEqYyw5NDI0MjU2Miw5NDIyNDgyNSw5NDIyNzI0Nyw5NDIyNzI0OCw0NzA3MTcwNCw0NzA2OTUwOCw5NDIxODY0MSw5NDIwMzAxOSw0NzA4NDMwNCw5NDIwODQ1OCw5NDIwODQ0N0ICVUE%3D&g_st=ic",так,так,так,так,так,ні,так,так,так,ні
64,вінницька,Щітки,Оренда подобово,VILLA Country LODGE,"вул.Садова,4б",067-430-02-04,"від 17000,00 грн/доба",https://www.instagram.com/country.lodge.vin/,"https://www.google.com/maps?q=Villa+Country+Lodge,+%D0%B2%D1%83%D0%BB%D0%B8%D1%86%D1%8F+%D0%A1%D0%B0%D0%B4%D0%BE%D0%B2%D0%B0,+4%D0%B1,+%D0%A9%D1%96%D1%82%D0%BA%D0%B8,+%D0%92%D1%96%D0%BD%D0%BD%D0%B8%D1%86%D1%8C%D0%BA%D0%B0+%D0%BE%D0%B1%D0%BB%D0%B0%D1%81%D1%82%D1%8C,+23206&ftid=0x472d51efdb2fca83:0x9c6f41b64aee8720&entry=gps&lucs=,94282334,94284511,94224825,94227247,94227248,94231188,47071704,47069508,94218641,94282134,94203019,47084304,94286869&g_ep=CAISEjI1LjMzLjIuNzkzNTkyNzA0MBgAINeCAyp1LDk0MjgyMzM0LDk0Mjg0NTExLDk0MjI0ODI1LDk0MjI3MjQ3LDk0MjI3MjQ4LDk0MjMxMTg4LDQ3MDcxNzA0LDQ3MDY5NTA4LDk0MjE4NjQxLDk0MjgyMTM0LDk0MjAzMDE5LDQ3MDg0MzA0LDk0Mjg2ODY5QgJVQQ%3D%3D&skid=7ea40fad-ff90-42af-84e9-318071d4e830&g_st=ipc",так,так,так,ні,ні,ні,так,ні,так,ні
65,Вінницька,Глибочок,Оренда подобово,Тиша над Бугом,вул.Набережна,в директ,"від 5000,00 грн/доба",https://www.instagram.com/tysha_nad_bugom/,"https://www.google.com/maps/place/%D0%93%D0%BB%D0%B8%D0%B1%D0%BE%D1%87%D0%BE%D0%BA,+%D0%92%D1%96%D0%BD%D0%BD%D0%B8%D1%86%D1%8C%D0%BA%D0%B0+%D0%BE%D0%B1%D0%BB%D0%B0%D1%81%D1%82%D1%8C,+24340/@48.5344096,29.3756241,13.44z/data=!4m6!3m5!1s0x40cd9ee69fec2c71:0xd72d7994f369e882!8m2!3d48.5366202!4d29.4026954!16s%2Fg%2F122fck9g?entry=ttu&g_ep=EgoyMDI2MDcxOS4wIKXMDSoASAFQAw%3D%3D",ні,так,так,ні,ні,так,так,ні,ні,ні
66,Вінницька,Степашки,База відпочинку,Gol&Wood,Степашки,099-333-20-55,"від 5000,00 грн/доба",https://www.instagram.com/golwood/,"https://www.google.com/maps/place/GOL%26Wood/@48.718338,29.1534005,17z/data=!3m1!4b1!4m9!3m8!1s0x40cd6f9aaa2eb253:0xf6df4e9c0cd44a71!5m2!4m1!1i2!8m2!3d48.718338!4d29.1534005!16s%2Fg%2F11grtytph5?entry=ttu&g_ep=EgoyMDI2MDcxOS4wIKXMDSoASAFQAw%3D%3D",ні,так,так,так,так,так,ні,так,так,ні
67,Вінницька,Мізяківскька Слобідка,Глемпінг,Slobidka,"вул.Лісова,55",093-477-62-32,"від 5500,00 грн/доба",https://www.instagram.com/slobidka__glamping/,"https://www.google.com/maps?q=49.4022778,28.4057222&entry=gps&lucs=,94275415,94284490,94231188,94280568,47071704,94218641,94282134,94286869&g_ep=CAISEjI1LjM2LjMuODAxODg5NTgzMBgAIIgnKkgsOTQyNzU0MTUsOTQyODQ0OTAsOTQyMzExODgsOTQyODA1NjgsNDcwNzE3MDQsOTQyMTg2NDEsOTQyODIxMzQsOTQyODY4NjlCAlVB&skid=988600a7-028a-41c5-bbe4-a77d64d27630&g_st=ipc",ні,так,ні,так,ні,так,ні,ні,ні,ні
68,Вінницька,Печера,Заміський комплекс,Вечори в Печорі,"вул.Олександра Москалюка,2",067-714-77-00,"від 5000,00 грн/доба",https://www.instagram.com/evenings_in_pechora/,"https://www.google.com/maps?q=48.8450000,28.7297500&entry=gps&lucs=,94275415,94224825,94227247,94227248,94231188,47071704,47069508,94218641,94203019,47084304&g_ep=CAISEjI1LjI0LjEuNzY5MjczNTU2MBgAIIgnKlosOTQyNzU0MTUsOTQyMjQ4MjUsOTQyMjcyNDcsOTQyMjcyNDgsOTQyMzExODgsNDcwNzE3MDQsNDcwNjk1MDgsOTQyMTg2NDEsOTQyMDMwMTksNDcwODQzMDRCAlVB&skid=0fbcb223-e04a-487e-a922-3fbef852e159&g_st=com.google.maps.preview.copy",так,так,так,так,так,ні,так,так,так,ні
69,Вінницька,Вінниця,Басейн коплекс,DriveClub,"вул.Зулинского,42а",096-431-21-91  067-777-71-16  096-393-77-77,"від 600,00 грн",https://www.instagram.com/driveclub.rest/,"https://www.google.com/maps?q=Drive+Club,+%D0%B2%D1%83%D0%BB%D0%B8%D1%86%D1%8F+%D0%A1%D0%B5%D1%80%D0%B3%D1%96%D1%8F+%D0%97%D1%83%D0%BB%D1%96%D0%BD%D1%81%D1%8C%D0%BA%D0%BE%D0%B3%D0%BE,+42a,+%D0%92%D1%96%D0%BD%D0%BD%D0%B8%D1%86%D1%8F,+%D0%92%D1%96%D0%BD%D0%BD%D0%B8%D1%86%D1%8C%D0%BA%D0%B0+%D0%BE%D0%B1%D0%BB%D0%B0%D1%81%D1%82%D1%8C,+21000&ftid=0x472d44a496a27d0f:0x81f6ef63a466902d&hl=ru-UA&gl=ua&entry=gps&g_ep=CAIYAA%3D%3D&shorturl=1",так,так,так,ні,так,ні,так,так,так,ні
70,Хмельницька,Меджибіж,Оренда подобово,Дика Риба,Меджибіж,067-275-75-37,"від 6500,00 грн/доба",https://www.instagram.com/wild_fish_lake/,"https://www.google.com/maps?q=%D0%94%D0%B8%D0%BA%D0%B0+%D0%A0%D0%B8%D0%B1%D0%B0,+%D0%A5%D0%BC%D0%B5%D0%BB%D1%8C%D0%BD%D0%B8%D1%86%D1%8C%D0%BA%D0%B0+%D0%BE%D0%B1%D0%BB%D0%B0%D1%81%D1%82%D1%8C,+%D0%A3%D0%BA%D1%80%D0%B0%D0%B8%D0%BD%D0%B0&ftid=0x472d8b4bd518343b:0xd57e66cb71eaa788&hl=ru-UA&gl=ua&entry=gps&g_ep=CAISBjYuMzQuMxgAIKzfAQ%3D%3D&g_st=ic",ні,так,так,так,так,так,так,ні,ні,ні
71,Вінницька,Гавришівка,Оренда подобово,Dona Familia,"вул.Лесі Украінки,47",093-027-37-26,"від 18000,00 грн/доба",https://www.instagram.com/dona.familia/,"https://www.google.com/maps?q=Dona+Familia,+Vulytsya+Lesi+Ukrayinky,+47,+Havryshivka,+Vinnytsia+Oblast,+23202&ftid=0x472d4f0061c21adf:0x6b2b5eb97b7356ba&entry=gps&shh=CAE&lucs=,94297699,94284469,94231188,94280568,47071704,94266209,94218641,94282134,94286869,100796593&g_ep=CAISEjI2LjA4LjIuODcwOTc4MTE2MBgAIIgnKlssOTQyOTc2OTksOTQyODQ0NjksOTQyMzExODgsOTQyODA1NjgsNDcwNzE3MDQsOTQyNjYyMDksOTQyMTg2NDEsOTQyODIxMzQsOTQyODY4NjksMTAwNzk2NTkzQgJVQQ%3D%3D&skid=25bd6ca8-4f37-47fb-b1ae-864c0102490e&g_st=ic",так,так,так,так,так,ні,так,так,так,ні
72,Вінницька,Якушинці,Оренда подобово,Family Lake,Якушинці,063-537-88-87,"від 8000,00 грн/доба",https://www.instagram.com/family_lake_vn/,"https://www.google.com/maps/place/49%C2%B016'50.7%22N+28%C2%B020'43.1%22E/@49.2807614,28.3427377,17z/data=!3m1!4b1!4m4!3m3!8m2!3d49.2807614!4d28.3453126?entry=ttu&g_ep=EgoyMDI2MDcxOS4wIKXMDSoASAFQAw%3D%3D",ні,так,так,так,так,так,так,ні,ні,ні
73,Вінницька,Дашківці,Оренда подобово,Калина,Дашківці,068-016-38-48,"від 5000,00 грн/доба",https://www.instagram.com/etno_sadybakalyna/,google.com/maps?sca_esv=7cd595ac914176fe&output=search&q=етно+садиба+калина&source=lnms&fbs=ABfTbFXRcstjE6Qki7qvwNNfvNnlQZsk7c_TqpGZvoXbrTmONgMaadRDyUOSm9s4GpauD_kAZNQyj0EO2LjtgLV_P6FMILozLiZUxtCK6VoyfvsKoPOEilYWOhkjpljXuvCQws88Z6Xf8VNvOdlfB0qI4a9r2jNn87OWPfN215s4ezfaWU-zKHOQDWqLmvB10MWp4I8feq1CblFzi2OZM1M4-XNi15bR8gYVFhEILIYTAoGtGigHYEYD0byeox6rxrEKvbHBcY096ZRXhDu_N5Djn8Lu_OZ6tQ&entry=mc&ved=1t:200715&ictx=111,так,так,так,так,так,ні,так,ні,так,ні
74,Вінницька,Сокільці,Оренда подобово,Мобі Дік,"вул.Шевченка,20",067-727-87-38  067-954-85-50,"від 3500,00 грн/доба",https://www.instagram.com/moby_dick777/,"https://www.google.com/maps/place/%D0%A1%D0%BE%D0%BA%D1%96%D0%BB%D1%8C%D1%86%D1%96,+%D0%92%D1%96%D0%BD%D0%BD%D0%B8%D1%86%D1%8C%D0%BA%D0%B0+%D0%BE%D0%B1%D0%BB%D0%B0%D1%81%D1%82%D1%8C,+23700/@48.789095,29.1289085,16z/data=!3m1!4b1!4m6!3m5!1s0x40cd6684ebce5425:0x12f9613a3457a3d2!8m2!3d48.7891468!4d29.1294534!16s%2Fg%2F12136263?entry=ttu&g_ep=EgoyMDI2MDcxOS4wIKXMDSoASAFQAw%3D%3D",ні,так,так,ні,так,так,ні,так,ні,ні
75,Вінницька,Обїзне шосе,Готельно-рестораний комплекс,Божедар,Обїзне шосе,098-055-12-12,"від 500,00 грн",https://www.instagram.com/bozhedar_vin/,"https://www.google.com/maps/dir//%D0%91%D0%9E%D0%96%D0%95%D0%94%D0%90%D0%A0,+%D0%9E%D0%B1'%D1%97%D0%B7%D0%BD%D0%B5+%D1%88%D0%BE%D1%81%D0%B5,+%D0%92%D1%96%D0%BD%D0%BD%D0%B8%D1%86%D1%8F,+%D0%92%D1%96%D0%BD%D0%BD%D0%B8%D1%86%D1%8C%D0%BA%D0%B0+%D0%BE%D0%B1%D0%BB%D0%B0%D1%81%D1%82%D1%8C,+21000/@49.2210579,28.3951038,12z/data=!4m8!4m7!1m0!1m5!1m1!1s0x472d5dfda5d75587:0xd298f165fef8e91f!2m2!1d28.4240621!2d49.262122?entry=ttu&g_ep=EgoyMDI2MDcxOS4wIKXMDSoASAFQAw%3D%3D",ні,так,так,ні,ні,ні,так,так,ні,ні
76,Вінницька,Вороновиця,Заміський комплекс,Воронталія,Вороновиця,093-502-41-26,"від 600,00 грн",https://www.instagram.com/vorontalia.vin/,google.com/maps?sca_esv=7cd595ac914176fe&output=search&q=воронталія&source=lnms&fbs=ABfTbFVIi9k-mbTAj7CH-OQ94GaekNZRZjP8dAZepX_AVORvGxEEKrc7emumnZPWyRCKxn92x-Og1jhzhfT2uP_mgL7lRT0JfqjgxIlfEP2s-SwxHifQ6CleZPi9NHBXDJi5SdROT71dDXN5BG3s3ho59DWeaO9AIFPa8CKEyqSQTpPyHhECzZtcCYMTPHiU0KH5KYzUe2dhkHI-0Bg4i0f5EKhQXknVMAK07XBQ1rp9aL8Mm9nuN3GUWEA95hm7mFqsHRi2d57DB3RXQiH45Qa3X4NjhuyACw&entry=mc&ved=1t:200715&ictx=111,так,так,так,так,так,ні,так,так,так,ні
77,Вінницька,Філіопіль,Заміський комплекс,Нова Січ,"вул.Центральна,1",098-164-87-77  093-075-37-77,"від 4600,00 грн/доба",https://www.instagram.com/novasichclub/,"google.com/maps?q=""Нова+Січ""+-+клуб+сімейного+та+бізнес+відпочинку,+Центральна,+1,+Філіопіль,+Вінницька+область,+22063&ftid=0x472da136f19059bd:0x11666ef95dbdb615&hl=uk-UA&gl=ua&entry=gps&g_ep=CAISBjYuNjQuMxgAINeCA0ICVUE%3D&g_st=it",так,так,так,так,так,так,ні,так,так,ні
78,Вінницька,Хмільник,Заміський комплекс,Rado Hotel&SPA,"вул.Курортна,10б",097-431-77-11,"від 4800,00 грн/доба",https://www.instagram.com/rado.hotel/,"https://www.google.com/maps/place/Rado+hotel+%26+spa/@49.5224745,27.9355165,17z/data=!3m1!4b1!4m9!3m8!1s0x472d9f075d1601c1:0x4e3db135b7074245!5m2!4m1!1i2!8m2!3d49.5224745!4d27.9355165!16s%2Fg%2F11vrtt4646?entry=ttu&g_ep=EgoyMDI2MDcxOS4wIKXMDSoASAFQAw%3D%3D",так,так,ні,ні,так,ні,так,ні,так,так
79,Вінницька,Вінниця,Заміський комплекс,Тропіканка,вул.Будівельників,097-346-33-41,"від 500,00 грн",https://www.instagram.com/restaurant_hotel_tropikanka/,"https://www.google.com/maps/place/%D0%A2%D1%80%D0%BE%D0%BF%D1%96%D0%BA%D0%B0%D0%BD%D0%BA%D0%B0/@49.2006261,28.4832174,17z/data=!3m1!4b1!4m6!3m5!1s0x472d5bb4227b538b:0x299e7166dd6ea2d8!8m2!3d49.2006261!4d28.4857923!16s%2Fg%2F11cmh46r9p?entry=ttu&g_ep=EgoyMDI2MDcxOS4wIKXMDSoASAFQAw%3D%3D",ні,так,так,ні,ні,так,ні,так,ні,ні
80,Вінницька,Вінниця,Басейн коплекс,Safari,"вул.Героів Поліціі,28",096-890-89-89,"від 600,00 грн",https://www.instagram.com/safari_club_vn/,"https://www.google.com/maps/place/%D0%A1%D0%B0%D1%84%D0%B0%D1%80%D1%96/@49.2301,28.4447732,17z/data=!3m1!4b1!4m9!3m8!1s0x472d5c809321d8eb:0x6ada25e844af9b96!5m2!4m1!1i2!8m2!3d49.2301!4d28.4473481!16s%2Fg%2F1ths835y?entry=ttu&g_ep=EgoyMDI2MDcxOS4wIKXMDSoASAFQAw%3D%3D",так,ні,так,так,так,ні,так,так,так,ні
81,Вінницька,Калинівка,Басейн коплекс,Svoї Family Place,"вул.Незалежності,32є",068-278-46-01,"від 500,00 грн",https://www.instagram.com/svoi.family.place/,"https://www.google.com/maps/search/%D0%9D%D0%B5%D0%B7%D0%B0%D0%BB%D0%B5%D0%B6%D0%BD%D0%BE%D1%81%D1%82%D1%96+32%D1%94,+%D0%9A%D0%B0%D0%BB%D0%B8%D0%BD%D1%96%D0%B2%D0%BA%D0%B0,+%D0%A3%D0%BA%D1%80%D0%B0%D1%97%D0%BD%D0%B0/@49.4532564,28.5124644,15z/data=!3m1!4b1?entry=ttu&g_ep=EgoyMDI2MDcxOS4wIKXMDSoASAFQAw%3D%3D",так,ні,ні,ні,ні,ні,так,так,так,ні
82,Вінницька,Турбів,Риболовля,Файна Пристань,"вул.Червона Гірка,98",068-888-10-10,"від 3000,00 грн/доба",https://www.instagram.com/faina_prystan/,"https://www.google.com/maps/place/49%C2%B019'52.7%22N+28%C2%B044'56.5%22E/@49.3313019,28.7464444,17z/data=!3m1!4b1!4m4!3m3!8m2!3d49.3313019!4d28.7490193?entry=ttu&g_ep=EgoyMDI2MDcxOS4wIKXMDSoASAFQAw%3D%3D",ні,так,так,так,так,так,ні,так,ні,ні
83,Вінницька,Корделівка,Оренда подобово,Наша Дача,Корделівка,068-018-74-79,"від 4000,00 грн/доба",https://www.instagram.com/nasha_dacha.vin/,"https://www.google.com/maps/place/Nasha_dacha/@49.5152033,28.54502,17z/data=!3m1!4b1!4m6!3m5!1s0x472d170055f0a849:0xdf926b88be2055a3!8m2!3d49.5152033!4d28.54502!16s%2Fg%2F11mdwkjn6k?entry=ttu&g_ep=EgoyMDI2MDcxOS4wIKXMDSoASAFQAw%3D%3D",так,так,так,так,ні,ні,так,ні,так,ні
84,Вінницька,Кунка,Риболовля,Озеро Кунка,Кунка,067-994-41-61,"від 1000,00 грн",https://www.instagram.com/ozero_kunka/,google.com/maps?sca_esv=36d287bdbbc71431&output=search&q=озеро+кунка+карта&source=lnms&fbs=ABfTbFWFprRoPUaCyUKwoESzlcK84x9vVMej93GLxQjcxez-a6jjZ1a64CxD7z72NIQJmuTzMw71pvJvnvuyynTOj5LKRWX9JJFOZbOAYsNTDNxmHC7X6LjW8urxNAZ_vloaugcMFoUWPGabdV6ZkWIL281inlmheMskKufIH1x4JRn2MBSViht-fuNA5bWIoOP4AtgWd6en5l0-fzzK8v0vlb2Vx6NQuE98Hgy5NP9q8340t0-8YlfyFJaqt4VVgfR0TcA70qE_iHTDybzyD61h7X5YF_8SLg&entry=mc&ved=1t:200715&ictx=111,ні,так,так,ні,ні,так,ні,ні,ні,ні
85,Вінницька,Вінницькі Хутори,Риболовля,Ставія Vin,Вінницьки Хутори (Немирівське шосе),096-624-97-03,"від 300,00 грн",https://www.tiktok.com/@stavia.vin?_r=1&_t=ZS-98Djrk05Jeq,,ні,ні,так,ні,ні,так,ні,так,ні,ні
86,Вінницька,Сабарів,Оренда подобово,Чан і Пар,Сабарів,097-965-41-28,"від 15000,00 грн/доба",https://www.instagram.com/chan_i_par_vn/,"https://www.google.com/maps/search/%D1%81%D0%B0%D0%B1%D0%B0%D1%80%D1%96%D0%B2/@49.1927405,28.4551293,17.07z?entry=ttu&g_ep=EgoyMDI2MDcxOS4wIKXMDSoASAFQAw%3D%3D",так,так,ні,так,так,ні,так,так,так,ні
87,Вінницька,Воробіівка,Риболовля,Кемпінг Воробіївський,"вул.Садова,72",068-023-55-90,"від 250,00 грн",https://www.instagram.com/camping.vorobiyevskiy/,"https://www.google.com/maps/place/%D0%9A%D0%B5%D0%BC%D0%BF%D1%96%D0%BD%D0%B3+%D0%92%D0%BE%D1%80%D0%BE%D0%B1%D1%96%D1%97%D0%B2%D1%81%D1%8C%D0%BA%D0%B8%D0%B9,+%D0%B2%D1%83%D0%BB.+%D0%A1%D0%B0%D0%B4%D0%BE%D0%B2%D0%B0,+72,+c,+%D0%92%D0%BE%D1%80%D0%BE%D0%B1%D1%96%D1%97%D0%B2%D0%BA%D0%B0,+%D0%92%D1%96%D0%BD%D0%BD%D0%B8%D1%86%D1%8C%D0%BA%D0%B0+%D0%BE%D0%B1%D0%BB%D0%B0%D1%81%D1%82%D1%8C,+22844/data=!4m2!3m1!1s0x40cd5395704dd355:0xcdff71ea61d85c14?utm_source=mstt_1&entry=gps&lucs=47068615&g_ep=CAESCjExLjgxLjE1MDIYACDXggMqCDQ3MDY4NjE1QgJVQQ%3D%3D",ні,так,так,ні,ні,так,ні,так,ні,ні
88,Вінницька,Гунька,Риболовля,озеро Гунька,Гунька,,,,"https://www.google.com/maps/dir/49.229327,28.409386/%D0%9D%D0%B5%D0%BC%D0%B8%D1%80%D1%96%D0%B2%D1%81%D1%8C%D0%BA%D0%B8%D0%B9+%D1%80%D0%B0%D0%B9%D0%BE%D0%BD,+%D0%92%D1%96%D0%BD%D0%BD%D0%B8%D1%86%D1%8C%D0%BA%D0%B0+%D0%BE%D0%B1%D0%BB%D0%B0%D1%81%D1%82%D1%8C/@48.9742472,28.7634185,12.83z/data=!4m10!4m9!1m1!4e1!1m5!1m1!1s0x40d2a9db668ccdb7:0x10f661c4e92b1210!2m2!1d28.8357182!2d49.0011439!3e0?entry=ttu&g_ep=EgoyMDI2MDcxOS4wIKXMDSoASAFQAw%3D%3D",ні,ні,ні,ні,ні,так,ні,ні,ні,ні
89,Вінницька,Якушинці,Риболовля,озеро Цукерня,Якушинці,098-223-22-22,"від 700,00 грн",https://www.facebook.com/ZUKERNYA/?locale=uk_UA,google.com/maps?vet=10CAAQoqAOahcKEwiYhr2Lh-SVAxUAAAAAHQAAAAAQCQ..i&pvq=CgwvZy8xMTNodF9fNm0iHwoZ0L7Qt9C10YDQviDRhtGD0LrQtdGA0L3RjxACGAM&lqi=ChnQvtC30LXRgNC-INGG0YPQutC10YDQvdGPSNP5__yNgYCACForEAAQARgAGAEiGdC-0LfQtdGA0L4g0YbRg9C60LXRgNC90Y8qBggCEAAQAZIBDGZpc2hpbmdfY2FtcA&fvr=1&cs=1&um=1&ie=UTF-8&fb=1&gl=ua&sa=X&ftid=0x472d5da9890557cb:0xa6677afb7aec4e32,ні,ні,ні,ні,ні,так,ні,ні,ні,ні
90,Вінницька,Лисогірка,Риболовля,ставок Рибальський табір,Лисогірка,096-417-57-23,"від 700,00 грн",,"google.com/maps?gs_lcrp=EgZjaHJvbWUqDQgBEC4YrwEYxwEYgAQyBwgAEAAYgAQyDQgBEC4YrwEYxwEYgAQyBggCEEUYOTIHCAMQABiABDIICAQQABgWGB4yCAgFEAAYFhgeMggIBhAAGBYYHjIICAcQABgWGB4yCAgIEAAYFhgeMggICRAAGBYYHtIBCDYzNjJqMGo3qAIAsAIA&um=1&ie=UTF-8&fb=1&gl=ua&sa=X&geocode=KfNycdlCfS1HMW_ZOMamODDM&daddr=Unnamed+Road,+Лисогірка,+Вінницька+область,+22351",ні,ні,так,ні,ні,так,ні,ні,ні,ні
91,Вінницька,Бохоники,Оренда подобово,Prolisok,вул.Садова,097-722-47-42,"від 4200,00 грн/доба",https://www.instagram.com/a_frame.prolisok/,"https://www.google.com/maps/dir//%D0%91%D1%83%D0%B4%D0%B8%D0%BD%D0%BE%D1%87%D0%BE%D0%BA+%D0%B4%D0%BB%D1%8F+%D0%B2%D1%96%D0%B4%D0%BF%D0%BE%D1%87%D0%B8%D0%BD%D0%BA%D1%83+Prolisok,+%D0%A1.+%D0%91%D0%BE%D1%85%D0%BE%D0%BD%D0%B8%D0%BA%D0%B8,+%D0%B2%D1%83%D0%BB.+%D0%A1%D0%B0%D0%B4%D0%BE%D0%B2%D0%B0,+%D0%92%D1%96%D0%BD%D0%BD%D0%B8%D1%86%D1%8F,+%D0%92%D1%96%D0%BD%D0%BD%D0%B8%D1%86%D1%8C%D0%BA%D0%B0+%D0%BE%D0%B1%D0%BB%D0%B0%D1%81%D1%82%D1%8C,+23238/@49.2306432,28.3992237,14z/data=!4m8!4m7!1m0!1m5!1m1!1s0x472d5fa7b6a65dad:0x29125b0e53ecce59!2m2!1d28.3841449!2d49.1726528?hl=uk-UA&entry=ttu&g_ep=EgoyMDI2MDcxOS4wIKXMDSoASAFQAw%3D%3D",так,так,ні,ні,так,ні,так,ні,так,ні
92,Вінницька,Майдан Чапельський,Відпочинок,Forestbanya,"вул.Некрасова,3",096-809-80-85,"від 700,00 грн",https://www.instagram.com/forestbanya.vn/,"https://www.google.com/maps/@49.1882333,28.5352791,17z?entry=ttu&g_ep=EgoyMDI2MDcxOS4wIKXMDSoASAFQAw%3D%3D",ні,ні,ні,так,так,ні,так,так,ні,ні
93,Вінницька,Гущинці,Заміський комплекс,Palma Club,"вул.Лісова,1",097-167-78-69,"від 3000,00 грн/доба",https://www.instagram.com/palma.club.resort/,"https://www.google.com/maps/place/Palma+club/@49.4438438,28.3714614,17z/data=!3m1!4b1!4m6!3m5!1s0x472d6dc9b70e3ea7:0x26f3fa5b87deeee8!8m2!3d49.4438438!4d28.3714614!16s%2Fg%2F11mcql3mrr?entry=ttu&g_ep=EgoyMDI2MDcxOS4wIKXMDSoASAFQAw%3D%3D",так,так,так,так,так,так,ні,так,так,ні
94,Вінницька,Мелешків,Риболовля,озеро Мелешків,вул.Соборна,098-202-68-74,"від 2000,00 грн",https://www.instagram.com/sport_lake_meleshkiv/reels/,"https://www.google.com/maps/place/%D0%A1%D0%BF%D0%BE%D1%80%D1%82%D0%B8%D0%B2%D0%BD%D0%B5+%D0%BE%D0%B7%D0%B5%D1%80%D0%BE+%D0%BC%D0%B5%D0%BB%D0%B5%D1%88%D0%BA%D1%96%D0%B2/@48.717873,29.5158807,15z/data=!4m15!1m8!3m7!1s0x40cd81f6d7d9ad8f:0xc1682c42a19122ee!2z0JzQtdC70LXRiNC60ZbQsiwg0JLRltC90L3QuNGG0YzQutCwINC-0LHQu9Cw0YHRgtGMLCAyMzc2MQ!3b1!8m2!3d48.7177585!4d29.5237166!16s%2Fg%2F121v2hht!3m5!1s0x40cd81007688d5bf:0x2892f54a2403cdec!8m2!3d48.7201687!4d29.5292739!16s%2Fg%2F11zctb7ktj?entry=ttu&g_ep=EgoyMDI2MDcxOS4wIKXMDSoASAFQAw%3D%3D",ні,ні,так,ні,ні,так,ні,ні,ні,ні